country_region_code,country_region,sub_region_1,sub_region_2,metro_area,iso_3166_2_code,census_fips_code,place_id,date,retail_and_recreation_percent_change_from_baseline,grocery_and_pharmacy_percent_change_from_baseline,parks_percent_change_from_baseline,transit_stations_percent_change_from_baseline,workplaces_percent_change_from_baseline,residential_percent_change_from_baseline
LU,Luxembourg,,,,,,ChIJRyEhyrlFlUcR75LTAvZg22Q,2020-02-15,-2,-1,40,4,-2,-2
LU,Luxembourg,,,,,,ChIJRyEhyrlFlUcR75LTAvZg22Q,2020-02-16,-7,-1,18,2,-3,-1
LU,Luxembourg,,,,,,ChIJRyEhyrlFlUcR75LTAvZg22Q,2020-02-17,-3,-3,-1,-11,-22,4
LU,Luxembourg,,,,,,ChIJRyEhyrlFlUcR75LTAvZg22Q,2020-02-18,-3,-5,1,-13,-22,3
LU,Luxembourg,,,,,,ChIJRyEhyrlFlUcR75LTAvZg22Q,2020-02-19,-6,-6,-4,-12,-23,3
LU,Luxembourg,,,,,,ChIJRyEhyrlFlUcR75LTAvZg22Q,2020-02-20,-7,-8,-7,-12,-23,3
LU,Luxembourg,,,,,,ChIJRyEhyrlFlUcR75LTAvZg22Q,2020-02-21,-8,-2,11,-5,-23,4
LU,Luxembourg,,,,,,ChIJRyEhyrlFlUcR75LTAvZg22Q,2020-02-22,-8,-1,32,12,-4,-1
LU,Luxembourg,,,,,,ChIJRyEhyrlFlUcR75LTAvZg22Q,2020-02-23,-8,1,-13,5,-5,0
LU,Luxembourg,,,,,,ChIJRyEhyrlFlUcR75LTAvZg22Q,2020-02-24,-2,4,12,-3,-4,2
LU,Luxembourg,,,,,,ChIJRyEhyrlFlUcR75LTAvZg22Q,2020-02-25,-1,7,14,-1,0,1
LU,Luxembourg,,,,,,ChIJRyEhyrlFlUcR75LTAvZg22Q,2020-02-26,-4,6,-3,0,0,1
LU,Luxembourg,,,,,,ChIJRyEhyrlFlUcR75LTAvZg22Q,2020-02-27,-14,-10,4,0,-1,3
LU,Luxembourg,,,,,,ChIJRyEhyrlFlUcR75LTAvZg22Q,2020-02-28,1,14,17,4,-1,1
LU,Luxembourg,,,,,,ChIJRyEhyrlFlUcR75LTAvZg22Q,2020-02-29,-1,8,5,12,1,1
LU,Luxembourg,,,,,,ChIJRyEhyrlFlUcR75LTAvZg22Q,2020-03-01,-3,17,-4,12,-2,0
LU,Luxembourg,,,,,,ChIJRyEhyrlFlUcR75LTAvZg22Q,2020-03-02,-3,7,0,1,0,1
LU,Luxembourg,,,,,,ChIJRyEhyrlFlUcR75LTAvZg22Q,2020-03-03,-2,8,6,0,1,0
LU,Luxembourg,,,,,,ChIJRyEhyrlFlUcR75LTAvZg22Q,2020-03-04,-4,6,-2,0,0,1
LU,Luxembourg,,,,,,ChIJRyEhyrlFlUcR75LTAvZg22Q,2020-03-05,-5,0,-7,-2,0,1
LU,Luxembourg,,,,,,ChIJRyEhyrlFlUcR75LTAvZg22Q,2020-03-06,-1,7,3,1,1,1
LU,Luxembourg,,,,,,ChIJRyEhyrlFlUcR75LTAvZg22Q,2020-03-07,2,7,44,8,1,0
LU,Luxembourg,,,,,,ChIJRyEhyrlFlUcR75LTAvZg22Q,2020-03-08,0,10,7,0,-3,1
LU,Luxembourg,,,,,,ChIJRyEhyrlFlUcR75LTAvZg22Q,2020-03-09,-2,6,9,-3,0,2
LU,Luxembourg,,,,,,ChIJRyEhyrlFlUcR75LTAvZg22Q,2020-03-10,-6,6,-4,-5,-1,2
LU,Luxembourg,,,,,,ChIJRyEhyrlFlUcR75LTAvZg22Q,2020-03-11,-7,10,-5,-4,-3,2
LU,Luxembourg,,,,,,ChIJRyEhyrlFlUcR75LTAvZg22Q,2020-03-12,-7,23,2,-6,-3,2
LU,Luxembourg,,,,,,ChIJRyEhyrlFlUcR75LTAvZg22Q,2020-03-13,-12,51,3,-12,-7,6
LU,Luxembourg,,,,,,ChIJRyEhyrlFlUcR75LTAvZg22Q,2020-03-14,-30,6,3,-16,-8,8
LU,Luxembourg,,,,,,ChIJRyEhyrlFlUcR75LTAvZg22Q,2020-03-15,-29,-1,51,-8,-14,5
LU,Luxembourg,,,,,,ChIJRyEhyrlFlUcR75LTAvZg22Q,2020-03-16,-50,17,13,-32,-44,19
LU,Luxembourg,,,,,,ChIJRyEhyrlFlUcR75LTAvZg22Q,2020-03-17,-62,3,-6,-44,-54,22
LU,Luxembourg,,,,,,ChIJRyEhyrlFlUcR75LTAvZg22Q,2020-03-18,-71,-14,-35,-56,-62,28
LU,Luxembourg,,,,,,ChIJRyEhyrlFlUcR75LTAvZg22Q,2020-03-19,-77,-29,-36,-64,-68,31
LU,Luxembourg,,,,,,ChIJRyEhyrlFlUcR75LTAvZg22Q,2020-03-20,-80,-29,-40,-68,-70,37
LU,Luxembourg,,,,,,ChIJRyEhyrlFlUcR75LTAvZg22Q,2020-03-21,-87,-49,-70,-72,-63,25
LU,Luxembourg,,,,,,ChIJRyEhyrlFlUcR75LTAvZg22Q,2020-03-22,-87,-62,-34,-68,-58,
LU,Luxembourg,,,,,,ChIJRyEhyrlFlUcR75LTAvZg22Q,2020-03-23,-80,-35,-48,-74,-75,35
LU,Luxembourg,,,,,,ChIJRyEhyrlFlUcR75LTAvZg22Q,2020-03-24,-81,-38,-43,-73,-76,35
LU,Luxembourg,,,,,,ChIJRyEhyrlFlUcR75LTAvZg22Q,2020-03-25,-82,-38,-50,-74,-77,36
LU,Luxembourg,,,,,,ChIJRyEhyrlFlUcR75LTAvZg22Q,2020-03-26,-82,-38,-46,-75,-76,36
LU,Luxembourg,,,,,,ChIJRyEhyrlFlUcR75LTAvZg22Q,2020-03-27,-82,-32,-39,-74,-76,39
LU,Luxembourg,,,,,,ChIJRyEhyrlFlUcR75LTAvZg22Q,2020-03-28,-84,-44,-28,-67,-61,23
LU,Luxembourg,,,,,,ChIJRyEhyrlFlUcR75LTAvZg22Q,2020-03-29,-90,-70,-66,-78,-60,
LU,Luxembourg,,,,,,ChIJRyEhyrlFlUcR75LTAvZg22Q,2020-03-30,-79,-36,-44,-74,-76,35
LU,Luxembourg,,,,,,ChIJRyEhyrlFlUcR75LTAvZg22Q,2020-03-31,-81,-38,-44,-73,-76,34
LU,Luxembourg,,,,,,ChIJRyEhyrlFlUcR75LTAvZg22Q,2020-04-01,-81,-36,-42,-72,-76,35
LU,Luxembourg,,,,,,ChIJRyEhyrlFlUcR75LTAvZg22Q,2020-04-02,-81,-38,-39,-73,-76,35
LU,Luxembourg,,,,,,ChIJRyEhyrlFlUcR75LTAvZg22Q,2020-04-03,-82,-32,-56,-76,-75,40
LU,Luxembourg,,,,,,ChIJRyEhyrlFlUcR75LTAvZg22Q,2020-04-04,-84,-41,-31,-67,-60,23
LU,Luxembourg,,,,,,ChIJRyEhyrlFlUcR75LTAvZg22Q,2020-04-05,-85,-78,-7,-65,-57,15
LU,Luxembourg,,,,,,ChIJRyEhyrlFlUcR75LTAvZg22Q,2020-04-06,-77,-32,-31,-71,-75,34
LU,Luxembourg,,,,,,ChIJRyEhyrlFlUcR75LTAvZg22Q,2020-04-07,-78,-33,-27,-71,-75,33
LU,Luxembourg,,,,,,ChIJRyEhyrlFlUcR75LTAvZg22Q,2020-04-08,-78,-31,-32,-70,-76,34
LU,Luxembourg,,,,,,ChIJRyEhyrlFlUcR75LTAvZg22Q,2020-04-09,-77,-27,-35,-72,-76,33
LU,Luxembourg,,,,,,ChIJRyEhyrlFlUcR75LTAvZg22Q,2020-04-10,-78,-22,-26,-73,-77,38
LU,Luxembourg,,,,,,ChIJRyEhyrlFlUcR75LTAvZg22Q,2020-04-11,-82,-32,-20,-65,-58,22
LU,Luxembourg,,,,,,ChIJRyEhyrlFlUcR75LTAvZg22Q,2020-04-12,-86,-82,-21,-68,-57,15
LU,Luxembourg,,,,,,ChIJRyEhyrlFlUcR75LTAvZg22Q,2020-04-13,-93,-94,-41,-85,-92,41
LU,Luxembourg,,,,,,ChIJRyEhyrlFlUcR75LTAvZg22Q,2020-04-14,-76,-24,-34,-71,-73,32
LU,Luxembourg,,,,,,ChIJRyEhyrlFlUcR75LTAvZg22Q,2020-04-15,-77,-30,-34,-69,-74,34
LU,Luxembourg,,,,,,ChIJRyEhyrlFlUcR75LTAvZg22Q,2020-04-16,-81,-26,-26,-68,-73,33
LU,Luxembourg,,,,,,ChIJRyEhyrlFlUcR75LTAvZg22Q,2020-04-17,-81,-20,-21,-68,-71,37
LU,Luxembourg,,,,,,ChIJRyEhyrlFlUcR75LTAvZg22Q,2020-04-18,-85,-40,-26,-64,-52,22
LU,Luxembourg,,,,,,ChIJRyEhyrlFlUcR75LTAvZg22Q,2020-04-19,-85,-81,-14,-65,-51,14
LU,Luxembourg,,,,,,ChIJRyEhyrlFlUcR75LTAvZg22Q,2020-04-20,-70,-42,-24,-65,-66,29
LU,Luxembourg,,,,,,ChIJRyEhyrlFlUcR75LTAvZg22Q,2020-04-21,-72,-39,-20,-64,-66,29
LU,Luxembourg,,,,,,ChIJRyEhyrlFlUcR75LTAvZg22Q,2020-04-22,-73,-39,-24,-62,-65,29
LU,Luxembourg,,,,,,ChIJRyEhyrlFlUcR75LTAvZg22Q,2020-04-23,-71,-38,-15,-62,-65,28
LU,Luxembourg,,,,,,ChIJRyEhyrlFlUcR75LTAvZg22Q,2020-04-24,-73,-32,-17,-62,-64,32
LU,Luxembourg,,,,,,ChIJRyEhyrlFlUcR75LTAvZg22Q,2020-04-25,-75,-33,-5,-57,-45,18
LU,Luxembourg,,,,,,ChIJRyEhyrlFlUcR75LTAvZg22Q,2020-04-26,-81,-75,20,-58,-45,12
LU,Luxembourg,,,,,,ChIJRyEhyrlFlUcR75LTAvZg22Q,2020-04-27,-66,-35,-3,-59,-62,27
LU,Luxembourg,,,,,,ChIJRyEhyrlFlUcR75LTAvZg22Q,2020-04-28,-69,-35,-34,-61,-63,26
LU,Luxembourg,,,,,,ChIJRyEhyrlFlUcR75LTAvZg22Q,2020-04-29,-70,-31,-34,-60,-63,28
LU,Luxembourg,,,,,,ChIJRyEhyrlFlUcR75LTAvZg22Q,2020-04-30,-62,-20,-43,-61,-62,27
LU,Luxembourg,,,,,,ChIJRyEhyrlFlUcR75LTAvZg22Q,2020-05-01,-92,-94,-52,-84,-90,44
LU,Luxembourg,,,,,,ChIJRyEhyrlFlUcR75LTAvZg22Q,2020-05-02,-69,-24,-34,-61,-44,19
LU,Luxembourg,,,,,,ChIJRyEhyrlFlUcR75LTAvZg22Q,2020-05-03,-79,-73,0,-60,-41,13
LU,Luxembourg,,,,,,ChIJRyEhyrlFlUcR75LTAvZg22Q,2020-05-04,-60,-30,-20,-56,-58,26
LU,Luxembourg,,,,,,ChIJRyEhyrlFlUcR75LTAvZg22Q,2020-05-05,-62,-30,-9,-54,-58,24
LU,Luxembourg,,,,,,ChIJRyEhyrlFlUcR75LTAvZg22Q,2020-05-06,-62,-31,-7,-52,-58,25
LU,Luxembourg,,,,,,ChIJRyEhyrlFlUcR75LTAvZg22Q,2020-05-07,-62,-29,-2,-52,-57,24
LU,Luxembourg,,,,,,ChIJRyEhyrlFlUcR75LTAvZg22Q,2020-05-08,-61,-16,0,-54,-56,27
LU,Luxembourg,,,,,,ChIJRyEhyrlFlUcR75LTAvZg22Q,2020-05-09,-87,-86,-15,-62,-54,20
LU,Luxembourg,,,,,,ChIJRyEhyrlFlUcR75LTAvZg22Q,2020-05-10,-77,-39,-22,-61,-35,12
LU,Luxembourg,,,,,,ChIJRyEhyrlFlUcR75LTAvZg22Q,2020-05-11,-45,-18,-27,-49,-49,22
LU,Luxembourg,,,,,,ChIJRyEhyrlFlUcR75LTAvZg22Q,2020-05-12,-47,-19,7,-43,-49,20
LU,Luxembourg,,,,,,ChIJRyEhyrlFlUcR75LTAvZg22Q,2020-05-13,-51,-21,-7,-45,-49,21
LU,Luxembourg,,,,,,ChIJRyEhyrlFlUcR75LTAvZg22Q,2020-05-14,-50,-22,-5,-45,-49,20
LU,Luxembourg,,,,,,ChIJRyEhyrlFlUcR75LTAvZg22Q,2020-05-15,-51,-17,19,-45,-48,22
LU,Luxembourg,,,,,,ChIJRyEhyrlFlUcR75LTAvZg22Q,2020-05-16,-53,-20,43,-35,-20,10
LU,Luxembourg,,,,,,ChIJRyEhyrlFlUcR75LTAvZg22Q,2020-05-17,-65,-33,72,-40,-25,7
LU,Luxembourg,,,,,,ChIJRyEhyrlFlUcR75LTAvZg22Q,2020-05-18,-43,-20,21,-43,-46,19
LU,Luxembourg,,,,,,ChIJRyEhyrlFlUcR75LTAvZg22Q,2020-05-19,-43,-11,35,-40,-46,18
LU,Luxembourg,,,,,,ChIJRyEhyrlFlUcR75LTAvZg22Q,2020-05-20,-40,6,25,-38,-47,16
LU,Luxembourg,,,,,,ChIJRyEhyrlFlUcR75LTAvZg22Q,2020-05-21,-80,-80,95,-66,-86,28
LU,Luxembourg,,,,,,ChIJRyEhyrlFlUcR75LTAvZg22Q,2020-05-22,-46,-4,34,-48,-55,23
LU,Luxembourg,,,,,,ChIJRyEhyrlFlUcR75LTAvZg22Q,2020-05-23,-52,-18,-14,-49,-23,13
LU,Luxembourg,,,,,,ChIJRyEhyrlFlUcR75LTAvZg22Q,2020-05-24,-69,-34,38,-46,-23,7
LU,Luxembourg,,,,,,ChIJRyEhyrlFlUcR75LTAvZg22Q,2020-05-25,-39,-17,18,-36,-40,17
LU,Luxembourg,,,,,,ChIJRyEhyrlFlUcR75LTAvZg22Q,2020-05-26,-39,-15,38,-35,-37,15
LU,Luxembourg,,,,,,ChIJRyEhyrlFlUcR75LTAvZg22Q,2020-05-27,-36,-13,28,-35,-37,15
LU,Luxembourg,,,,,,ChIJRyEhyrlFlUcR75LTAvZg22Q,2020-05-28,-36,-11,39,-34,-36,15
LU,Luxembourg,,,,,,ChIJRyEhyrlFlUcR75LTAvZg22Q,2020-05-29,-32,-5,68,-33,-35,15
LU,Luxembourg,,,,,,ChIJRyEhyrlFlUcR75LTAvZg22Q,2020-05-30,-31,-7,87,-25,1,5
LU,Luxembourg,,,,,,ChIJRyEhyrlFlUcR75LTAvZg22Q,2020-05-31,-33,-8,143,-24,0,2
LU,Luxembourg,,,,,,ChIJRyEhyrlFlUcR75LTAvZg22Q,2020-06-01,-59,-76,134,-60,-83,25
LU,Luxembourg,,,,,,ChIJRyEhyrlFlUcR75LTAvZg22Q,2020-06-02,-21,0,59,-32,-44,13
LU,Luxembourg,,,,,,ChIJRyEhyrlFlUcR75LTAvZg22Q,2020-06-03,-27,-8,20,-34,-44,15
LU,Luxembourg,,,,,,ChIJRyEhyrlFlUcR75LTAvZg22Q,2020-06-04,-29,-10,-8,-38,-44,16
LU,Luxembourg,,,,,,ChIJRyEhyrlFlUcR75LTAvZg22Q,2020-06-05,-32,-12,-7,-40,-43,18
LU,Luxembourg,,,,,,ChIJRyEhyrlFlUcR75LTAvZg22Q,2020-06-06,-29,-12,12,-33,-1,7
LU,Luxembourg,,,,,,ChIJRyEhyrlFlUcR75LTAvZg22Q,2020-06-07,-37,-21,48,-35,-5,5
LU,Luxembourg,,,,,,ChIJRyEhyrlFlUcR75LTAvZg22Q,2020-06-08,-25,-16,21,-33,-34,14
LU,Luxembourg,,,,,,ChIJRyEhyrlFlUcR75LTAvZg22Q,2020-06-09,-26,-13,14,-33,-34,13
LU,Luxembourg,,,,,,ChIJRyEhyrlFlUcR75LTAvZg22Q,2020-06-10,-27,-11,12,-33,-35,13
LU,Luxembourg,,,,,,ChIJRyEhyrlFlUcR75LTAvZg22Q,2020-06-11,-18,-4,70,-29,-35,12
LU,Luxembourg,,,,,,ChIJRyEhyrlFlUcR75LTAvZg22Q,2020-06-12,-24,-7,68,-32,-33,13
LU,Luxembourg,,,,,,ChIJRyEhyrlFlUcR75LTAvZg22Q,2020-06-13,-23,-7,73,-26,6,5
LU,Luxembourg,,,,,,ChIJRyEhyrlFlUcR75LTAvZg22Q,2020-06-14,-25,-11,60,-32,9,3
LU,Luxembourg,,,,,,ChIJRyEhyrlFlUcR75LTAvZg22Q,2020-06-15,-18,-11,50,-26,-33,12
LU,Luxembourg,,,,,,ChIJRyEhyrlFlUcR75LTAvZg22Q,2020-06-16,-18,-8,58,-25,-32,11
LU,Luxembourg,,,,,,ChIJRyEhyrlFlUcR75LTAvZg22Q,2020-06-17,-24,-10,-5,-30,-33,13
LU,Luxembourg,,,,,,ChIJRyEhyrlFlUcR75LTAvZg22Q,2020-06-18,-19,-8,54,-27,-33,10
LU,Luxembourg,,,,,,ChIJRyEhyrlFlUcR75LTAvZg22Q,2020-06-19,-19,-5,78,-24,-32,10
LU,Luxembourg,,,,,,ChIJRyEhyrlFlUcR75LTAvZg22Q,2020-06-20,-19,-8,93,-17,5,2
LU,Luxembourg,,,,,,ChIJRyEhyrlFlUcR75LTAvZg22Q,2020-06-21,-17,-9,136,-15,5,0
LU,Luxembourg,,,,,,ChIJRyEhyrlFlUcR75LTAvZg22Q,2020-06-22,-6,1,87,-31,-47,10
LU,Luxembourg,,,,,,ChIJRyEhyrlFlUcR75LTAvZg22Q,2020-06-23,-58,-79,109,-58,-82,19
LU,Luxembourg,,,,,,ChIJRyEhyrlFlUcR75LTAvZg22Q,2020-06-24,-19,0,59,-24,-33,10
LU,Luxembourg,,,,,,ChIJRyEhyrlFlUcR75LTAvZg22Q,2020-06-25,-17,-5,78,-23,-32,9
LU,Luxembourg,,,,,,ChIJRyEhyrlFlUcR75LTAvZg22Q,2020-06-26,-20,-6,63,-24,-32,11
LU,Luxembourg,,,,,,ChIJRyEhyrlFlUcR75LTAvZg22Q,2020-06-27,-14,-2,84,-13,3,3
LU,Luxembourg,,,,,,ChIJRyEhyrlFlUcR75LTAvZg22Q,2020-06-28,-3,13,83,-14,9,2
LU,Luxembourg,,,,,,ChIJRyEhyrlFlUcR75LTAvZg22Q,2020-06-29,-11,-6,51,-23,-29,10
LU,Luxembourg,,,,,,ChIJRyEhyrlFlUcR75LTAvZg22Q,2020-06-30,-12,-4,51,-21,-28,9
LU,Luxembourg,,,,,,ChIJRyEhyrlFlUcR75LTAvZg22Q,2020-07-01,-12,-3,40,-18,-28,9
LU,Luxembourg,,,,,,ChIJRyEhyrlFlUcR75LTAvZg22Q,2020-07-02,-13,-4,49,-20,-29,9
LU,Luxembourg,,,,,,ChIJRyEhyrlFlUcR75LTAvZg22Q,2020-07-03,-14,-3,93,-14,-27,8
LU,Luxembourg,,,,,,ChIJRyEhyrlFlUcR75LTAvZg22Q,2020-07-04,-14,-6,107,-4,3,2
LU,Luxembourg,,,,,,ChIJRyEhyrlFlUcR75LTAvZg22Q,2020-07-05,-15,-6,90,-9,1,2
LU,Luxembourg,,,,,,ChIJRyEhyrlFlUcR75LTAvZg22Q,2020-07-06,-8,-4,70,-17,-30,9
LU,Luxembourg,,,,,,ChIJRyEhyrlFlUcR75LTAvZg22Q,2020-07-07,-10,-2,91,-15,-30,8
LU,Luxembourg,,,,,,ChIJRyEhyrlFlUcR75LTAvZg22Q,2020-07-08,-15,-2,52,-18,-28,9
LU,Luxembourg,,,,,,ChIJRyEhyrlFlUcR75LTAvZg22Q,2020-07-09,-12,-4,94,-17,-28,8
LU,Luxembourg,,,,,,ChIJRyEhyrlFlUcR75LTAvZg22Q,2020-07-10,-15,-1,84,-14,-27,9
LU,Luxembourg,,,,,,ChIJRyEhyrlFlUcR75LTAvZg22Q,2020-07-11,-16,-6,151,4,3,1
LU,Luxembourg,,,,,,ChIJRyEhyrlFlUcR75LTAvZg22Q,2020-07-12,-11,-2,193,5,5,0
LU,Luxembourg,,,,,,ChIJRyEhyrlFlUcR75LTAvZg22Q,2020-07-13,-7,0,127,-15,-30,9
LU,Luxembourg,,,,,,ChIJRyEhyrlFlUcR75LTAvZg22Q,2020-07-14,-4,5,108,-16,-31,8
LU,Luxembourg,,,,,,ChIJRyEhyrlFlUcR75LTAvZg22Q,2020-07-15,-13,-3,68,-20,-34,10
LU,Luxembourg,,,,,,ChIJRyEhyrlFlUcR75LTAvZg22Q,2020-07-16,-14,-4,60,-24,-38,10
LU,Luxembourg,,,,,,ChIJRyEhyrlFlUcR75LTAvZg22Q,2020-07-17,-18,-6,115,-17,-37,10
LU,Luxembourg,,,,,,ChIJRyEhyrlFlUcR75LTAvZg22Q,2020-07-18,-20,-10,166,1,4,2
LU,Luxembourg,,,,,,ChIJRyEhyrlFlUcR75LTAvZg22Q,2020-07-19,-14,-7,204,7,2,-1
LU,Luxembourg,,,,,,ChIJRyEhyrlFlUcR75LTAvZg22Q,2020-07-20,-9,-4,161,-20,-41,10
LU,Luxembourg,,,,,,ChIJRyEhyrlFlUcR75LTAvZg22Q,2020-07-21,-9,-4,169,-19,-41,9
LU,Luxembourg,,,,,,ChIJRyEhyrlFlUcR75LTAvZg22Q,2020-07-22,-13,-6,123,-21,-39,9
LU,Luxembourg,,,,,,ChIJRyEhyrlFlUcR75LTAvZg22Q,2020-07-23,-14,-7,143,-21,-39,9
LU,Luxembourg,,,,,,ChIJRyEhyrlFlUcR75LTAvZg22Q,2020-07-24,-19,-5,140,-14,-38,10
LU,Luxembourg,,,,,,ChIJRyEhyrlFlUcR75LTAvZg22Q,2020-07-25,-20,-9,161,9,0,2
LU,Luxembourg,,,,,,ChIJRyEhyrlFlUcR75LTAvZg22Q,2020-07-26,-17,-10,174,15,4,1
LU,Luxembourg,,,,,,ChIJRyEhyrlFlUcR75LTAvZg22Q,2020-07-27,-10,-4,161,-17,-42,10
LU,Luxembourg,,,,,,ChIJRyEhyrlFlUcR75LTAvZg22Q,2020-07-28,-12,-5,152,-18,-41,9
LU,Luxembourg,,,,,,ChIJRyEhyrlFlUcR75LTAvZg22Q,2020-07-29,-12,-3,132,-16,-41,8
LU,Luxembourg,,,,,,ChIJRyEhyrlFlUcR75LTAvZg22Q,2020-07-30,-13,-4,144,-18,-43,8
LU,Luxembourg,,,,,,ChIJRyEhyrlFlUcR75LTAvZg22Q,2020-07-31,-22,-8,132,-18,-46,10
LU,Luxembourg,,,,,,ChIJRyEhyrlFlUcR75LTAvZg22Q,2020-08-01,-28,-15,139,-2,-9,2
LU,Luxembourg,,,,,,ChIJRyEhyrlFlUcR75LTAvZg22Q,2020-08-02,-17,-14,191,15,1,-1
LU,Luxembourg,,,,,,ChIJRyEhyrlFlUcR75LTAvZg22Q,2020-08-03,-13,-7,126,-26,-51,12
LU,Luxembourg,,,,,,ChIJRyEhyrlFlUcR75LTAvZg22Q,2020-08-04,-14,-10,153,-25,-50,11
LU,Luxembourg,,,,,,ChIJRyEhyrlFlUcR75LTAvZg22Q,2020-08-05,-18,-10,124,-26,-50,11
LU,Luxembourg,,,,,,ChIJRyEhyrlFlUcR75LTAvZg22Q,2020-08-06,-19,-12,132,-26,-50,10
LU,Luxembourg,,,,,,ChIJRyEhyrlFlUcR75LTAvZg22Q,2020-08-07,-26,-13,132,-24,-50,12
LU,Luxembourg,,,,,,ChIJRyEhyrlFlUcR75LTAvZg22Q,2020-08-08,-33,-21,138,-8,-13,3
LU,Luxembourg,,,,,,ChIJRyEhyrlFlUcR75LTAvZg22Q,2020-08-09,-27,-17,139,2,-3,0
LU,Luxembourg,,,,,,ChIJRyEhyrlFlUcR75LTAvZg22Q,2020-08-10,-18,-11,116,-29,-54,12
LU,Luxembourg,,,,,,ChIJRyEhyrlFlUcR75LTAvZg22Q,2020-08-11,-19,-13,115,-31,-53,11
LU,Luxembourg,,,,,,ChIJRyEhyrlFlUcR75LTAvZg22Q,2020-08-12,-22,-13,82,-31,-53,12
LU,Luxembourg,,,,,,ChIJRyEhyrlFlUcR75LTAvZg22Q,2020-08-13,-21,-14,105,-30,-52,11
LU,Luxembourg,,,,,,ChIJRyEhyrlFlUcR75LTAvZg22Q,2020-08-14,-24,-4,105,-25,-53,12
LU,Luxembourg,,,,,,ChIJRyEhyrlFlUcR75LTAvZg22Q,2020-08-15,-58,-76,139,-13,-35,6
LU,Luxembourg,,,,,,ChIJRyEhyrlFlUcR75LTAvZg22Q,2020-08-16,-21,0,137,5,-2,-1
LU,Luxembourg,,,,,,ChIJRyEhyrlFlUcR75LTAvZg22Q,2020-08-17,-16,-7,,-29,-53,12
LU,Luxembourg,,,,,,ChIJRyEhyrlFlUcR75LTAvZg22Q,2020-08-18,-20,-14,,-32,-50,12
LU,Luxembourg,,,,,,ChIJRyEhyrlFlUcR75LTAvZg22Q,2020-08-19,-22,-14,,-31,-51,11
LU,Luxembourg,,,,,,ChIJRyEhyrlFlUcR75LTAvZg22Q,2020-08-20,-24,-19,,-31,-51,10
LU,Luxembourg,,,,,,ChIJRyEhyrlFlUcR75LTAvZg22Q,2020-08-21,-28,-16,,-28,-51,12
LU,Luxembourg,,,,,,ChIJRyEhyrlFlUcR75LTAvZg22Q,2020-08-22,-29,-22,,-7,-11,1
LU,Luxembourg,,,,,,ChIJRyEhyrlFlUcR75LTAvZg22Q,2020-08-23,-21,-16,,2,,-1
LU,Luxembourg,,,,,,ChIJRyEhyrlFlUcR75LTAvZg22Q,2020-08-24,-18,-13,,-27,-48,11
LU,Luxembourg,,,,,,ChIJRyEhyrlFlUcR75LTAvZg22Q,2020-08-25,-17,-12,,-25,-47,9
LU,Luxembourg,,,,,,ChIJRyEhyrlFlUcR75LTAvZg22Q,2020-08-26,-20,-14,,-28,-46,10
LU,Luxembourg,,,,,,ChIJRyEhyrlFlUcR75LTAvZg22Q,2020-08-27,-17,-13,,-24,-45,9
LU,Luxembourg,,,,,,ChIJRyEhyrlFlUcR75LTAvZg22Q,2020-08-28,-22,-13,,-23,-46,11
LU,Luxembourg,,,,,,ChIJRyEhyrlFlUcR75LTAvZg22Q,2020-08-29,-23,-17,,-1,-10,1
LU,Luxembourg,,,,,,ChIJRyEhyrlFlUcR75LTAvZg22Q,2020-08-30,-4,,,5,,-1
LU,Luxembourg,,,,,,ChIJRyEhyrlFlUcR75LTAvZg22Q,2020-08-31,-10,-10,,-24,-47,10
LU,Luxembourg,,,,,,ChIJRyEhyrlFlUcR75LTAvZg22Q,2020-09-01,-16,-13,,-24,-45,9
LU,Luxembourg,,,,,,ChIJRyEhyrlFlUcR75LTAvZg22Q,2020-09-02,-20,-14,,-23,-44,9
LU,Luxembourg,,,,,,ChIJRyEhyrlFlUcR75LTAvZg22Q,2020-09-03,-17,-14,,-22,-43,8
LU,Luxembourg,,,,,,ChIJRyEhyrlFlUcR75LTAvZg22Q,2020-09-04,-20,-15,,-20,-44,8
LU,Luxembourg,,,,,,ChIJRyEhyrlFlUcR75LTAvZg22Q,2020-09-05,-23,-15,,-3,-10,1
LU,Luxembourg,,,,,,ChIJRyEhyrlFlUcR75LTAvZg22Q,2020-09-06,-14,,,-1,,-1
LU,Luxembourg,,,,,,ChIJRyEhyrlFlUcR75LTAvZg22Q,2020-09-07,-12,-11,,-21,-43,8
LU,Luxembourg,,,,,,ChIJRyEhyrlFlUcR75LTAvZg22Q,2020-09-08,-11,-10,,-18,-41,7
LU,Luxembourg,,,,,,ChIJRyEhyrlFlUcR75LTAvZg22Q,2020-09-09,-16,-13,,-21,-40,7
LU,Luxembourg,,,,,,ChIJRyEhyrlFlUcR75LTAvZg22Q,2020-09-10,-13,-12,,-19,-38,6
LU,Luxembourg,,,,,,ChIJRyEhyrlFlUcR75LTAvZg22Q,2020-09-11,-16,-9,96,-16,-40,7
LU,Luxembourg,,,,,,ChIJRyEhyrlFlUcR75LTAvZg22Q,2020-09-12,-16,-11,123,4,-4,-1
LU,Luxembourg,,,,,,ChIJRyEhyrlFlUcR75LTAvZg22Q,2020-09-13,-5,-2,166,6,-3,-3
LU,Luxembourg,,,,,,ChIJRyEhyrlFlUcR75LTAvZg22Q,2020-09-14,-5,-6,89,-18,-35,7
LU,Luxembourg,,,,,,ChIJRyEhyrlFlUcR75LTAvZg22Q,2020-09-15,-6,-5,93,-12,-35,7
LU,Luxembourg,,,,,,ChIJRyEhyrlFlUcR75LTAvZg22Q,2020-09-16,-17,-10,49,-16,-34,7
LU,Luxembourg,,,,,,ChIJRyEhyrlFlUcR75LTAvZg22Q,2020-09-17,-12,-8,79,-12,-29,5
LU,Luxembourg,,,,,,ChIJRyEhyrlFlUcR75LTAvZg22Q,2020-09-18,-16,-9,96,-11,-30,5
LU,Luxembourg,,,,,,ChIJRyEhyrlFlUcR75LTAvZg22Q,2020-09-19,-14,-9,122,4,-3,0
LU,Luxembourg,,,,,,ChIJRyEhyrlFlUcR75LTAvZg22Q,2020-09-20,-8,-1,148,2,0,-1
LU,Luxembourg,,,,,,ChIJRyEhyrlFlUcR75LTAvZg22Q,2020-09-21,-11,-9,80,-13,-30,6
LU,Luxembourg,,,,,,ChIJRyEhyrlFlUcR75LTAvZg22Q,2020-09-22,-11,-7,77,-10,-29,5
LU,Luxembourg,,,,,,ChIJRyEhyrlFlUcR75LTAvZg22Q,2020-09-23,-19,-10,34,-13,-27,6
LU,Luxembourg,,,,,,ChIJRyEhyrlFlUcR75LTAvZg22Q,2020-09-24,-18,-10,31,-14,-26,6
LU,Luxembourg,,,,,,ChIJRyEhyrlFlUcR75LTAvZg22Q,2020-09-25,-20,-8,13,-17,-28,8
LU,Luxembourg,,,,,,ChIJRyEhyrlFlUcR75LTAvZg22Q,2020-09-26,-18,-5,5,-13,-3,4
LU,Luxembourg,,,,,,ChIJRyEhyrlFlUcR75LTAvZg22Q,2020-09-27,-25,-13,1,-18,-5,3
LU,Luxembourg,,,,,,ChIJRyEhyrlFlUcR75LTAvZg22Q,2020-09-28,-15,-10,6,-20,-26,8
LU,Luxembourg,,,,,,ChIJRyEhyrlFlUcR75LTAvZg22Q,2020-09-29,-13,-5,16,-14,-25,7
LU,Luxembourg,,,,,,ChIJRyEhyrlFlUcR75LTAvZg22Q,2020-09-30,-18,-7,4,-16,-25,6
LU,Luxembourg,,,,,,ChIJRyEhyrlFlUcR75LTAvZg22Q,2020-10-01,-18,-8,3,-16,-22,6
LU,Luxembourg,,,,,,ChIJRyEhyrlFlUcR75LTAvZg22Q,2020-10-02,-20,-7,3,-17,-24,8
LU,Luxembourg,,,,,,ChIJRyEhyrlFlUcR75LTAvZg22Q,2020-10-03,-11,5,7,-13,-4,4
LU,Luxembourg,,,,,,ChIJRyEhyrlFlUcR75LTAvZg22Q,2020-10-04,-20,-10,-6,-22,-3,3
LU,Luxembourg,,,,,,ChIJRyEhyrlFlUcR75LTAvZg22Q,2020-10-05,-18,-13,-3,-20,-25,8
LU,Luxembourg,,,,,,ChIJRyEhyrlFlUcR75LTAvZg22Q,2020-10-06,-18,-10,2,-16,-25,7
LU,Luxembourg,,,,,,ChIJRyEhyrlFlUcR75LTAvZg22Q,2020-10-07,-20,-11,-2,-17,-23,7
LU,Luxembourg,,,,,,ChIJRyEhyrlFlUcR75LTAvZg22Q,2020-10-08,-19,-10,1,-17,-22,7
LU,Luxembourg,,,,,,ChIJRyEhyrlFlUcR75LTAvZg22Q,2020-10-09,-20,-9,-1,-20,-24,8
LU,Luxembourg,,,,,,ChIJRyEhyrlFlUcR75LTAvZg22Q,2020-10-10,-14,-7,47,-8,-2,3
LU,Luxembourg,,,,,,ChIJRyEhyrlFlUcR75LTAvZg22Q,2020-10-11,-20,-11,41,-15,-3,3
LU,Luxembourg,,,,,,ChIJRyEhyrlFlUcR75LTAvZg22Q,2020-10-12,-16,-11,15,-19,-23,8
LU,Luxembourg,,,,,,ChIJRyEhyrlFlUcR75LTAvZg22Q,2020-10-13,-14,-8,18,-14,-23,7
LU,Luxembourg,,,,,,ChIJRyEhyrlFlUcR75LTAvZg22Q,2020-10-14,-19,-12,1,-17,-22,8
LU,Luxembourg,,,,,,ChIJRyEhyrlFlUcR75LTAvZg22Q,2020-10-15,-18,-11,1,-16,-21,8
LU,Luxembourg,,,,,,ChIJRyEhyrlFlUcR75LTAvZg22Q,2020-10-16,-19,-7,11,-16,-23,9
LU,Luxembourg,,,,,,ChIJRyEhyrlFlUcR75LTAvZg22Q,2020-10-17,-18,-9,25,-9,-4,4
LU,Luxembourg,,,,,,ChIJRyEhyrlFlUcR75LTAvZg22Q,2020-10-18,-25,-13,36,-16,-8,4
LU,Luxembourg,,,,,,ChIJRyEhyrlFlUcR75LTAvZg22Q,2020-10-19,-16,-12,26,-17,-23,8
LU,Luxembourg,,,,,,ChIJRyEhyrlFlUcR75LTAvZg22Q,2020-10-20,-17,-11,24,-12,-24,8
LU,Luxembourg,,,,,,ChIJRyEhyrlFlUcR75LTAvZg22Q,2020-10-21,-21,-11,9,-16,-23,9
LU,Luxembourg,,,,,,ChIJRyEhyrlFlUcR75LTAvZg22Q,2020-10-22,-19,-9,22,-15,-22,9
LU,Luxembourg,,,,,,ChIJRyEhyrlFlUcR75LTAvZg22Q,2020-10-23,-22,-5,3,-19,-24,11
LU,Luxembourg,,,,,,ChIJRyEhyrlFlUcR75LTAvZg22Q,2020-10-24,-22,-6,17,-14,-7,7
LU,Luxembourg,,,,,,ChIJRyEhyrlFlUcR75LTAvZg22Q,2020-10-25,-19,13,-18,-29,-7,6
LU,Luxembourg,,,,,,ChIJRyEhyrlFlUcR75LTAvZg22Q,2020-10-26,-19,-11,8,-21,-26,11
LU,Luxembourg,,,,,,ChIJRyEhyrlFlUcR75LTAvZg22Q,2020-10-27,-21,-9,2,-18,-27,11
LU,Luxembourg,,,,,,ChIJRyEhyrlFlUcR75LTAvZg22Q,2020-10-28,-25,-9,-14,-22,-27,12
LU,Luxembourg,,,,,,ChIJRyEhyrlFlUcR75LTAvZg22Q,2020-10-29,-21,-4,-17,-20,-27,11
LU,Luxembourg,,,,,,ChIJRyEhyrlFlUcR75LTAvZg22Q,2020-10-30,-26,-5,-13,-25,-29,14
LU,Luxembourg,,,,,,ChIJRyEhyrlFlUcR75LTAvZg22Q,2020-10-31,-26,-9,44,-17,-8,6
LU,Luxembourg,,,,,,ChIJRyEhyrlFlUcR75LTAvZg22Q,2020-11-01,-47,-56,-33,-39,-20,8
LU,Luxembourg,,,,,,ChIJRyEhyrlFlUcR75LTAvZg22Q,2020-11-02,-20,-9,6,-36,-48,17
LU,Luxembourg,,,,,,ChIJRyEhyrlFlUcR75LTAvZg22Q,2020-11-03,-20,-10,7,-31,-46,15
LU,Luxembourg,,,,,,ChIJRyEhyrlFlUcR75LTAvZg22Q,2020-11-04,-24,-12,4,-32,-46,16
LU,Luxembourg,,,,,,ChIJRyEhyrlFlUcR75LTAvZg22Q,2020-11-05,-21,-12,15,-32,-45,16
LU,Luxembourg,,,,,,ChIJRyEhyrlFlUcR75LTAvZg22Q,2020-11-06,-24,-10,19,-34,-46,18
LU,Luxembourg,,,,,,ChIJRyEhyrlFlUcR75LTAvZg22Q,2020-11-07,-24,-9,43,-21,-12,8
LU,Luxembourg,,,,,,ChIJRyEhyrlFlUcR75LTAvZg22Q,2020-11-08,-31,-15,42,-30,-16,6
LU,Luxembourg,,,,,,ChIJRyEhyrlFlUcR75LTAvZg22Q,2020-11-09,-21,-13,10,-26,-29,12
LU,Luxembourg,,,,,,ChIJRyEhyrlFlUcR75LTAvZg22Q,2020-11-10,-19,-7,1,-23,-27,12
LU,Luxembourg,,,,,,ChIJRyEhyrlFlUcR75LTAvZg22Q,2020-11-11,-20,-6,-10,-26,-27,13
LU,Luxembourg,,,,,,ChIJRyEhyrlFlUcR75LTAvZg22Q,2020-11-12,-21,-8,3,-24,-27,12
LU,Luxembourg,,,,,,ChIJRyEhyrlFlUcR75LTAvZg22Q,2020-11-13,-22,-4,-2,-25,-28,14
LU,Luxembourg,,,,,,ChIJRyEhyrlFlUcR75LTAvZg22Q,2020-11-14,-18,-3,45,-16,-7,8
LU,Luxembourg,,,,,,ChIJRyEhyrlFlUcR75LTAvZg22Q,2020-11-15,-32,-9,17,-35,-15,7
LU,Luxembourg,,,,,,ChIJRyEhyrlFlUcR75LTAvZg22Q,2020-11-16,-21,-12,-16,-28,-27,13
LU,Luxembourg,,,,,,ChIJRyEhyrlFlUcR75LTAvZg22Q,2020-11-17,-19,-8,-5,-23,-27,12
LU,Luxembourg,,,,,,ChIJRyEhyrlFlUcR75LTAvZg22Q,2020-11-18,-24,-11,-1,-23,-26,12
LU,Luxembourg,,,,,,ChIJRyEhyrlFlUcR75LTAvZg22Q,2020-11-19,-24,-9,-17,-25,-25,13
LU,Luxembourg,,,,,,ChIJRyEhyrlFlUcR75LTAvZg22Q,2020-11-20,-23,-3,-4,-25,-27,14
LU,Luxembourg,,,,,,ChIJRyEhyrlFlUcR75LTAvZg22Q,2020-11-21,-18,0,19,-19,-7,8
LU,Luxembourg,,,,,,ChIJRyEhyrlFlUcR75LTAvZg22Q,2020-11-22,-27,-7,8,-33,-15,7
LU,Luxembourg,,,,,,ChIJRyEhyrlFlUcR75LTAvZg22Q,2020-11-23,-22,-12,-13,-28,-27,13
LU,Luxembourg,,,,,,ChIJRyEhyrlFlUcR75LTAvZg22Q,2020-11-24,-19,-8,-11,-24,-27,12
LU,Luxembourg,,,,,,ChIJRyEhyrlFlUcR75LTAvZg22Q,2020-11-25,-18,-8,-13,-26,-26,12
LU,Luxembourg,,,,,,ChIJRyEhyrlFlUcR75LTAvZg22Q,2020-11-26,-41,-4,-10,-27,-29,14
LU,Luxembourg,,,,,,ChIJRyEhyrlFlUcR75LTAvZg22Q,2020-11-27,-38,7,-10,-28,-31,16
LU,Luxembourg,,,,,,ChIJRyEhyrlFlUcR75LTAvZg22Q,2020-11-28,-38,3,13,-25,-21,10
LU,Luxembourg,,,,,,ChIJRyEhyrlFlUcR75LTAvZg22Q,2020-11-29,-41,20,-6,-36,-27,8
LU,Luxembourg,,,,,,ChIJRyEhyrlFlUcR75LTAvZg22Q,2020-11-30,-36,-7,-10,-29,-31,14
LU,Luxembourg,,,,,,ChIJRyEhyrlFlUcR75LTAvZg22Q,2020-12-01,-39,-6,-19,-27,-32,14
LU,Luxembourg,,,,,,ChIJRyEhyrlFlUcR75LTAvZg22Q,2020-12-02,-43,-4,-22,-27,-31,15
LU,Luxembourg,,,,,,ChIJRyEhyrlFlUcR75LTAvZg22Q,2020-12-03,-43,-5,-25,-29,-30,15
LU,Luxembourg,,,,,,ChIJRyEhyrlFlUcR75LTAvZg22Q,2020-12-04,-44,2,-20,-29,-31,17
LU,Luxembourg,,,,,,ChIJRyEhyrlFlUcR75LTAvZg22Q,2020-12-05,-41,2,2,-24,-19,10
LU,Luxembourg,,,,,,ChIJRyEhyrlFlUcR75LTAvZg22Q,2020-12-06,-49,13,-11,-37,-27,8
LU,Luxembourg,,,,,,ChIJRyEhyrlFlUcR75LTAvZg22Q,2020-12-07,-39,-12,-13,-30,-30,14
LU,Luxembourg,,,,,,ChIJRyEhyrlFlUcR75LTAvZg22Q,2020-12-08,-41,-9,-18,-27,-30,14
LU,Luxembourg,,,,,,ChIJRyEhyrlFlUcR75LTAvZg22Q,2020-12-09,-45,-9,-25,-29,-30,14
LU,Luxembourg,,,,,,ChIJRyEhyrlFlUcR75LTAvZg22Q,2020-12-10,-43,-6,-16,-27,-29,14
LU,Luxembourg,,,,,,ChIJRyEhyrlFlUcR75LTAvZg22Q,2020-12-11,-47,-3,-26,-30,-31,17
LU,Luxembourg,,,,,,ChIJRyEhyrlFlUcR75LTAvZg22Q,2020-12-12,-44,-1,-21,-26,-20,11
LU,Luxembourg,,,,,,ChIJRyEhyrlFlUcR75LTAvZg22Q,2020-12-13,-45,18,-3,-30,-24,8
LU,Luxembourg,,,,,,ChIJRyEhyrlFlUcR75LTAvZg22Q,2020-12-14,-37,-7,-11,-27,-30,13
LU,Luxembourg,,,,,,ChIJRyEhyrlFlUcR75LTAvZg22Q,2020-12-15,-37,-1,-21,-22,-31,13
LU,Luxembourg,,,,,,ChIJRyEhyrlFlUcR75LTAvZg22Q,2020-12-16,-40,-2,-20,-24,-30,13
LU,Luxembourg,,,,,,ChIJRyEhyrlFlUcR75LTAvZg22Q,2020-12-17,-37,1,-15,-23,-30,13
LU,Luxembourg,,,,,,ChIJRyEhyrlFlUcR75LTAvZg22Q,2020-12-18,-40,4,-15,-24,-33,15
LU,Luxembourg,,,,,,ChIJRyEhyrlFlUcR75LTAvZg22Q,2020-12-19,-41,0,-2,-14,-23,9
LU,Luxembourg,,,,,,ChIJRyEhyrlFlUcR75LTAvZg22Q,2020-12-20,-39,23,-5,-19,-23,7
LU,Luxembourg,,,,,,ChIJRyEhyrlFlUcR75LTAvZg22Q,2020-12-21,-25,12,-34,-41,-57,19
LU,Luxembourg,,,,,,ChIJRyEhyrlFlUcR75LTAvZg22Q,2020-12-22,-24,22,-35,-40,-58,18
LU,Luxembourg,,,,,,ChIJRyEhyrlFlUcR75LTAvZg22Q,2020-12-23,-32,27,-49,-43,-59,19
LU,Luxembourg,,,,,,ChIJRyEhyrlFlUcR75LTAvZg22Q,2020-12-24,-47,0,-48,-55,-68,21
LU,Luxembourg,,,,,,ChIJRyEhyrlFlUcR75LTAvZg22Q,2020-12-25,-94,-94,-33,-77,-90,33
LU,Luxembourg,,,,,,ChIJRyEhyrlFlUcR75LTAvZg22Q,2020-12-26,-87,-87,-31,-53,-56,18
LU,Luxembourg,,,,,,ChIJRyEhyrlFlUcR75LTAvZg22Q,2020-12-27,-78,-29,-59,-49,-34,10
LU,Luxembourg,,,,,,ChIJRyEhyrlFlUcR75LTAvZg22Q,2020-12-28,-63,-17,-41,-54,-68,26
LU,Luxembourg,,,,,,ChIJRyEhyrlFlUcR75LTAvZg22Q,2020-12-29,-63,-13,-34,-54,-68,25
LU,Luxembourg,,,,,,ChIJRyEhyrlFlUcR75LTAvZg22Q,2020-12-30,-61,3,-31,-51,-67,24
LU,Luxembourg,,,,,,ChIJRyEhyrlFlUcR75LTAvZg22Q,2020-12-31,-69,-15,-47,-62,-71,25
LU,Luxembourg,,,,,,ChIJRyEhyrlFlUcR75LTAvZg22Q,2021-01-01,-93,-95,-39,-78,-89,35
LU,Luxembourg,,,,,,ChIJRyEhyrlFlUcR75LTAvZg22Q,2021-01-02,-74,-37,-14,-41,-38,15
LU,Luxembourg,,,,,,ChIJRyEhyrlFlUcR75LTAvZg22Q,2021-01-03,-73,-41,-19,-34,-27,8
LU,Luxembourg,,,,,,ChIJRyEhyrlFlUcR75LTAvZg22Q,2021-01-04,-63,-22,-38,-48,-54,23
LU,Luxembourg,,,,,,ChIJRyEhyrlFlUcR75LTAvZg22Q,2021-01-05,-63,-21,-36,-47,-54,23
LU,Luxembourg,,,,,,ChIJRyEhyrlFlUcR75LTAvZg22Q,2021-01-06,-64,-23,-42,-47,-53,23
LU,Luxembourg,,,,,,ChIJRyEhyrlFlUcR75LTAvZg22Q,2021-01-07,-64,-25,-36,-47,-52,23
LU,Luxembourg,,,,,,ChIJRyEhyrlFlUcR75LTAvZg22Q,2021-01-08,-65,-22,-35,-47,-52,25
LU,Luxembourg,,,,,,ChIJRyEhyrlFlUcR75LTAvZg22Q,2021-01-09,-66,-21,-11,-37,-30,13
LU,Luxembourg,,,,,,ChIJRyEhyrlFlUcR75LTAvZg22Q,2021-01-10,-67,-27,9,-35,-24,7
LU,Luxembourg,,,,,,ChIJRyEhyrlFlUcR75LTAvZg22Q,2021-01-11,-32,-9,-19,-29,-28,13
LU,Luxembourg,,,,,,ChIJRyEhyrlFlUcR75LTAvZg22Q,2021-01-12,-38,-10,-31,-30,-30,13
LU,Luxembourg,,,,,,ChIJRyEhyrlFlUcR75LTAvZg22Q,2021-01-13,-43,-11,-34,-30,-29,13
LU,Luxembourg,,,,,,ChIJRyEhyrlFlUcR75LTAvZg22Q,2021-01-14,-48,-21,-25,-30,-30,14
LU,Luxembourg,,,,,,ChIJRyEhyrlFlUcR75LTAvZg22Q,2021-01-15,-47,-11,-17,-30,-32,15
LU,Luxembourg,,,,,,ChIJRyEhyrlFlUcR75LTAvZg22Q,2021-01-16,-42,-5,-18,-31,-22,11
LU,Luxembourg,,,,,,ChIJRyEhyrlFlUcR75LTAvZg22Q,2021-01-17,-65,-24,2,-38,-25,8
LU,Luxembourg,,,,,,ChIJRyEhyrlFlUcR75LTAvZg22Q,2021-01-18,-38,-12,-28,-31,-30,13
LU,Luxembourg,,,,,,ChIJRyEhyrlFlUcR75LTAvZg22Q,2021-01-19,-40,-12,-32,-30,-31,13
LU,Luxembourg,,,,,,ChIJRyEhyrlFlUcR75LTAvZg22Q,2021-01-20,-43,-12,-27,-28,-29,12
LU,Luxembourg,,,,,,ChIJRyEhyrlFlUcR75LTAvZg22Q,2021-01-21,-43,-13,-30,-30,-28,13
LU,Luxembourg,,,,,,ChIJRyEhyrlFlUcR75LTAvZg22Q,2021-01-22,-44,-6,-28,-30,-30,15
LU,Luxembourg,,,,,,ChIJRyEhyrlFlUcR75LTAvZg22Q,2021-01-23,-38,0,-34,-31,-19,10
LU,Luxembourg,,,,,,ChIJRyEhyrlFlUcR75LTAvZg22Q,2021-01-24,-65,-25,-11,-37,-27,8
LU,Luxembourg,,,,,,ChIJRyEhyrlFlUcR75LTAvZg22Q,2021-01-25,-37,-12,-26,-31,-30,13
LU,Luxembourg,,,,,,ChIJRyEhyrlFlUcR75LTAvZg22Q,2021-01-26,-36,-7,-18,-26,-30,12
LU,Luxembourg,,,,,,ChIJRyEhyrlFlUcR75LTAvZg22Q,2021-01-27,-46,-15,-38,-32,-30,14
LU,Luxembourg,,,,,,ChIJRyEhyrlFlUcR75LTAvZg22Q,2021-01-28,-43,-10,-35,-32,-29,13
LU,Luxembourg,,,,,,ChIJRyEhyrlFlUcR75LTAvZg22Q,2021-01-29,-44,-4,-31,-32,-30,15
LU,Luxembourg,,,,,,ChIJRyEhyrlFlUcR75LTAvZg22Q,2021-01-30,-41,-1,-45,-35,-17,10
LU,Luxembourg,,,,,,ChIJRyEhyrlFlUcR75LTAvZg22Q,2021-01-31,-67,-25,-19,-43,-24,7
LU,Luxembourg,,,,,,ChIJRyEhyrlFlUcR75LTAvZg22Q,2021-02-01,-38,-11,-18,-29,-28,12
LU,Luxembourg,,,,,,ChIJRyEhyrlFlUcR75LTAvZg22Q,2021-02-02,-39,-7,-19,-27,-30,11
LU,Luxembourg,,,,,,ChIJRyEhyrlFlUcR75LTAvZg22Q,2021-02-03,-46,-14,-35,-32,-29,13
LU,Luxembourg,,,,,,ChIJRyEhyrlFlUcR75LTAvZg22Q,2021-02-04,-41,-9,-11,-29,-28,11
LU,Luxembourg,,,,,,ChIJRyEhyrlFlUcR75LTAvZg22Q,2021-02-05,-43,-4,-21,-31,-29,14
LU,Luxembourg,,,,,,ChIJRyEhyrlFlUcR75LTAvZg22Q,2021-02-06,-42,-4,-30,-34,-18,10
LU,Luxembourg,,,,,,ChIJRyEhyrlFlUcR75LTAvZg22Q,2021-02-07,-66,-28,-14,-45,-25,7
LU,Luxembourg,,,,,,ChIJRyEhyrlFlUcR75LTAvZg22Q,2021-02-08,-42,-16,-29,-39,-43,17
LU,Luxembourg,,,,,,ChIJRyEhyrlFlUcR75LTAvZg22Q,2021-02-09,-40,-11,-29,-35,-42,16
LU,Luxembourg,,,,,,ChIJRyEhyrlFlUcR75LTAvZg22Q,2021-02-10,-43,-9,-32,-38,-42,16
LU,Luxembourg,,,,,,ChIJRyEhyrlFlUcR75LTAvZg22Q,2021-02-11,-41,-7,-25,-38,-42,16
LU,Luxembourg,,,,,,ChIJRyEhyrlFlUcR75LTAvZg22Q,2021-02-12,-42,0,-19,-40,-44,18
LU,Luxembourg,,,,,,ChIJRyEhyrlFlUcR75LTAvZg22Q,2021-02-13,-38,4,-8,-34,-21,9
LU,Luxembourg,,,,,,ChIJRyEhyrlFlUcR75LTAvZg22Q,2021-02-14,-59,-15,27,-39,-21,6
LU,Luxembourg,,,,,,ChIJRyEhyrlFlUcR75LTAvZg22Q,2021-02-15,-36,-10,-17,-40,-48,16
LU,Luxembourg,,,,,,ChIJRyEhyrlFlUcR75LTAvZg22Q,2021-02-16,-34,-4,7,-33,-46,14
LU,Luxembourg,,,,,,ChIJRyEhyrlFlUcR75LTAvZg22Q,2021-02-17,-41,-8,-24,-36,-46,16
LU,Luxembourg,,,,,,ChIJRyEhyrlFlUcR75LTAvZg22Q,2021-02-18,-40,-7,-14,-36,-45,15
LU,Luxembourg,,,,,,ChIJRyEhyrlFlUcR75LTAvZg22Q,2021-02-19,-42,0,1,-37,-46,17
LU,Luxembourg,,,,,,ChIJRyEhyrlFlUcR75LTAvZg22Q,2021-02-20,-39,-2,55,-25,-18,7
LU,Luxembourg,,,,,,ChIJRyEhyrlFlUcR75LTAvZg22Q,2021-02-21,-48,-8,119,-23,-20,3
LU,Luxembourg,,,,,,ChIJRyEhyrlFlUcR75LTAvZg22Q,2021-02-22,-36,-7,-3,-31,-28,11
LU,Luxembourg,,,,,,ChIJRyEhyrlFlUcR75LTAvZg22Q,2021-02-23,-33,-2,28,-23,-27,10
LU,Luxembourg,,,,,,ChIJRyEhyrlFlUcR75LTAvZg22Q,2021-02-24,-38,-4,7,-25,-27,10
LU,Luxembourg,,,,,,ChIJRyEhyrlFlUcR75LTAvZg22Q,2021-02-25,-35,0,15,-24,-25,10
LU,Luxembourg,,,,,,ChIJRyEhyrlFlUcR75LTAvZg22Q,2021-02-26,-40,5,-19,-30,-27,13
LU,Luxembourg,,,,,,ChIJRyEhyrlFlUcR75LTAvZg22Q,2021-02-27,-33,7,34,-22,-13,7
LU,Luxembourg,,,,,,ChIJRyEhyrlFlUcR75LTAvZg22Q,2021-02-28,-48,1,84,-26,-17,4
LU,Luxembourg,,,,,,ChIJRyEhyrlFlUcR75LTAvZg22Q,2021-03-01,-31,-4,10,-26,-26,10
LU,Luxembourg,,,,,,ChIJRyEhyrlFlUcR75LTAvZg22Q,2021-03-02,-30,0,22,-23,-26,9
